{
  "images": [
    "smiley",
    "background",
    "banner",
    "icon",
    "basicFrame",
    "mario",
    "kirby",
    "errorMsg",
    "music",
    "nomusic",
    "terneicon",
    "electrumicon",
    "oakicon",
    "magnoxicon",
    "naicon",
    "selectedUnit",
    "selectZone",
    "bulletFrame",
    "white"
  ],
  "textures": [
    [ "dirt", "dirt1" ],
    [ "dirt", "dirt2" ],
    [ "dirt", "dirt3" ],
    [ "dirt", "dirt4" ],
    [ "stone", "stone1" ],
    [ "stone", "stone2" ],
    [ "stone", "stone3" ],
    [ "stone", "stone4" ],
    [ "deepwater", "deepwater1" ],
    [ "deepwater", "deepwater2" ],
    [ "deepwater", "deepwater3" ],
    [ "deepwater", "deepwater4" ],
    [ "weeds", "lightgrass1" ],
    [ "weeds", "lightgrass2" ],
    [ "grass", "grassTemp" ],
    [ "leaves", "leaves" ],
    [ "tree", "tree1" ],
    [ "tree", "tree2" ],
    [ "auukiDen", "auukiDen1" ],
    [ "auukiDen", "auukiDen2" ],
    [ "auukiDen", "auukiDen3" ],
    [ "auukiDen", "auukiDen4" ],
    [ "water", "water1" ],
    [ "water", "water2" ],
    [ "water", "water3" ],
    [ "water", "water4" ],
    [ "algae", "algae1" ],
    [ "algae", "algae2" ],
    [ "algae", "algae3" ],
    [ "algae", "algae4" ],
    [ "vine", "vine1" ],
    [ "vine", "vine2" ],
    [ "vine", "vine3" ],
    [ "flowervine", "flowervine1" ],
    [ "flowervine", "flowervine2" ],
    [ "flowervine", "flowervine3" ],
    [ "lilypads", "lilypads1" ],
    [ "lilypads", "lilypads2" ],
    [ "mountain", "mountain3" ],
    [ "mountain", "mountain2" ],
    [ "mountain", "mountain3" ],
    [ "rat", "rat" ],
    [ "deer", "deer" ],
    [ "fox", "fox" ],
    [ "bear", "bear" ],
    [ "scrap", "scrap" ],
    [ "iron", "iron" ],
    [ "tungsten", "tungsten" ],
    [ "model1", "model1" ],
    [ "model2", "model2" ],
    [ "model3", "model3" ],
    [ "model4", "model4" ],
    [ "model5", "model5" ],
    [ "boltShooter", "boltShooter" ],
    [ "miniFlamethrower", "miniFlamethrower" ],
    [ "flamethrower", "flamethrower" ],
    [ "peppergun", "peppergun" ],
    [ "arcProjector", "arcProjector" ],
    [ "musket", "musket" ],
    [ "machineGun", "machineGun" ],
    [ "revolver", "revolver" ],
    [ "cannon", "cannon" ],
    [ "playerBase", "playerBase" ]
  ],
  "buttons": [
    "generic",
    "quitBtn",
    "okBtn",
    "exit-game",
    "return",
    "start",
    "toggle-music",
    "settings",
    "x",
    "prev",
    "next",
    "left",
    "right",
    "forge",
    "quit-level",
    "defaultButton"
  ],
  "sounds": [
    "test"
  ],
  "music": [
    "menutheme",
    "gametheme"
  ],
  "fonts": [
    "pixel"
  ]
}