AF,Persian,20000000,50
AF,Pashto,17000000,43
AF,Hazaragi,2400000,5.9
AF,Uzbek,1900000,4.7
AF,Turkmen,680000,1.7
AF,Parsi-Dari,480000,1.2
AF,Western Balochi,250000,0.63
AF,Kara-Kalpak,3400,0.0084
AF,Uyghur,3000,0.0075
AF,Kazakh,2000,0.0050
AX,Swedish,26000,99
AL,Albanian,3100000,100
AL,Greek,59000,1.9
AL,Macedonian,15000,0.47
DZ,Algerian Arabic,39000000,83
DZ,Arabic,35000000,74
DZ,French,16000000,33
DZ,Hassaniyya,5200000,11
DZ,Kabyle,3700000,7.8
DZ,English,3300000,7.0
DZ,Tumzabt,170000,0.36
DZ,Taznatit,12000,0.026
AS,Samoan,43000,99
AS,English,43000,97
AD,Catalan,44000,51
AD,Spanish,37000,43
AD,French,5800,6.8
AO,Portuguese,25000000,67
AO,Umbundu,11000000,29
AO,Kimbundu,9300000,25
AO,Lingala,250000,0.67
AI,English,18000,95
AQ,Unknown language,300,100
AG,English,88000,86
AG,Portuguese,1600,1.6
AR,Spanish,47000000,100
AR,English,3300000,7.0
AR,Welsh,31000,0.066
AR,Guarani,22000,0.047
AM,Armenian,2900000,99
AM,Russian,1900000,65
AM,Kurdish,98000,3.3
AM,Kurdish,98000,3.3
AM,Azeri,0,0.0
AW,Dutch,120000,97
AW,Papiamento,76000,61
AW,English,3000,2.4
AC,English,930,99
AU,English,26000000,96
AU,Chinese,560000,2.1
AU,Italian,510000,1.9
AU,Warlpiri,2500,0.0093
AU,Hmong Njua,2200,0.0082
AT,German,8700000,97
AT,Bavarian,8500000,95
AT,English,6500000,73
AT,French,1200000,13
AT,Italian,810000,9.0
AT,Croatian,110000,1.2
AT,Slovenian,33000,0.37
AT,Hungarian,23000,0.26
AZ,Azeri,9500000,89
AZ,Azeri,1100000,9.9
AZ,Talysh,1000000,9.8
AZ,Kurdish,26000,0.24
AZ,Kurdish,26000,0.24
AZ,Muslim Tat,23000,0.22
AZ,Tsakhur,17000,0.16
BS,English,410000,100
BH,Arabic,1400000,87
BH,Malayalam,52000,3.3
BD,Bangla,170000000,98
BD,English,30000000,18
BD,Rangpuri,11000000,6.5
BD,Sylheti,8400000,5.0
BD,Rohingya,890000,0.53
BD,Chakma,370000,0.22
BD,Burmese,350000,0.21
BD,Garo,120000,0.073
BD,Mru,30000,0.018
BD,Manipuri,19000,0.011
BB,English,300000,100
BY,Russian,6700000,71
BY,Belarusian,2500000,26
BE,English,7100000,59
BE,Dutch,6600000,55
BE,French,4600000,38
BE,German,2600000,22
BE,West Flemish,1200000,10
BE,Walloon,690000,5.8
BZ,English,320000,77
BZ,Spanish,230000,55
BZ,Belize Kriol English,210000,50
BZ,Qʼeqchiʼ,27000,6.5
BZ,Mopán Maya,17000,4.0
BZ,Garifuna,7900,1.9
BJ,French,5000000,34
BJ,Fon,3700000,25
BJ,Yoruba,980000,6.7
BJ,Anii,44000,0.30
BM,English,67000,92
BT,Dzongkha,420000,47
BT,Nepali,150000,17
BT,Tshangla,130000,15
BT,English,97000,11
BT,Lepcha,34000,3.9
BO,Spanish,7500000,61
BO,Quechua,3900000,32
BO,Aymara,2500000,20
BO,Guarani,55000,0.45
BO,Araona,110,0.00090
BA,Bosnian,3800000,99
BA,Bosnian,3800000,99
BA,English,1700000,45
BA,Croatian,460000,12
BA,Serbian,380000,10
BA,Serbian,380000,10
BW,English,2000000,81
BW,Tswana,1500000,62
BW,Afrikaans,5900,0.24
BV,Norwegian,10,100
BR,Portuguese,200000000,91
BR,English,18000000,8.0
BR,German,1800000,0.84
BR,Italian,620000,0.28
BR,Venetian,530000,0.24
BR,Japanese,460000,0.21
BR,Spanish,79000,0.036
BR,Kaingang,53000,0.024
BR,Korean,46000,0.021
BR,Nheengatu,22000,0.010
BR,Guajajára,18000,0.0084
BR,Xavánte,9900,0.0045
IO,English,3500,100
VG,English,39000,98
BN,Malay,460000,93
BN,Chinese,54000,11
BN,Malay,25000,5.0
BN,English,7900,1.6
BG,Bulgarian,6800000,100
BG,English,1700000,25
BG,Russian,1600000,23
BG,Turkish,750000,11
BG,German,540000,8.0
BF,Mossi,9200000,40
BF,Dyula,7400000,32
BF,French,5800000,25
BF,Fula,0,0.0
BF,Fula,0,0.0
BI,Rundi,8600000,63
BI,French,8000000,59
BI,Swahili,6400,0.047
BI,English,6300,0.046
KH,Khmer,15000000,89
KH,Western Cham,270000,1.6
KH,Kuy,19000,0.11
CM,French,21000000,68
CM,English,12000000,38
CM,Bulu,1400000,4.6
CM,Fula,1100000,3.6
CM,Ewondo,960000,3.1
CM,Yemba,500000,1.6
CM,Ghomala,430000,1.4
CM,Ngiemboon,430000,1.4
CM,Kom,400000,1.3
CM,Basaa,370000,1.2
CM,Bamun,370000,1.2
CM,Medumba,340000,1.1
CM,Mundang,310000,1.0
CM,Mafa,230000,0.74
CM,Bafut,180000,0.57
CM,Akoose,170000,0.54
CM,Kako,170000,0.54
CM,Duala,150000,0.48
CM,Metaʼ,150000,0.47
CM,Arabic,120000,0.39
CM,Ngomba,110000,0.34
CM,Bafia,99000,0.32
CM,Kenyang,77000,0.25
CM,Aghem,43000,0.14
CM,Hausa,43000,0.14
CM,Kwasio,9000,0.029
CM,Yangben,2300,0.0074
CM,Fula,0,0.0
CA,English,34000000,87
CA,French,11000000,29
CA,Spanish,1200000,3.2
CA,Chinese,1000000,2.7
CA,Punjabi,1000000,2.6
CA,Arabic,890000,2.3
CA,Hindi,810000,2.1
CA,Filipino,780000,2.0
CA,Cantonese,780000,2.0
CA,Italian,580000,1.5
CA,German,470000,1.2
CA,Urdu,430000,1.1
CA,Portuguese,360000,0.93
CA,Russian,330000,0.85
CA,Tamil,250000,0.65
CA,Vietnamese,250000,0.64
CA,Persian,240000,0.61
CA,Gujarati,230000,0.58
CA,Korean,220000,0.56
CA,Polish,220000,0.56
CA,Greek,160000,0.40
CA,Ukrainian,140000,0.36
CA,Bangla,130000,0.33
CA,Romanian,120000,0.32
CA,Dutch,120000,0.30
CA,Japanese,100000,0.27
CA,Serbian,89000,0.23
CA,Turkish,85000,0.22
CA,Croatian,78000,0.20
CA,Hungarian,70000,0.18
CA,Somali,62000,0.16
CA,Inuktitut,43000,0.11
CA,Inuktitut,43000,0.11
CA,Plautdietsch,43000,0.11
CA,Ojibwa,28000,0.072
CA,Oji-Cree,16000,0.042
CA,Plains Cree,13000,0.033
CA,Chipewyan,12000,0.032
CA,Innu-aimun,12000,0.030
CA,Mi'kmaw,9300,0.024
CA,Atikamekw,7000,0.018
CA,Siksiká,6600,0.017
CA,Cree,5000,0.013
CA,Northern East Cree,5000,0.013
CA,Swampy Cree,4700,0.012
CA,Waray,4700,0.012
CA,Western Ojibwa,3600,0.0094
CA,Slave,2300,0.0060
CA,Dogrib,2100,0.0055
CA,Michif,1900,0.0049
CA,Mohawk,1600,0.0041
CA,Dakota,1500,0.0039
CA,Halkomelem,1400,0.0036
CA,Naskapi,1000,0.0027
CA,Chilcotin,850,0.0022
CA,Kwakʼwala,810,0.0021
CA,Maliseet-Passamaquoddy,810,0.0021
CA,Okanagan,700,0.0018
CA,Lillooet,580,0.0015
CA,Gwichʼin,310,0.00080
IC,Spanish,2100000,98
CV,Kabuverdianu,560000,91
CV,Portuguese,460000,76
BQ,Papiamento,16000,81
BQ,Dutch,1600,8.0
KY,English,65000,98
CF,Sango,2800000,49
CF,French,1600000,29
CF,Lingala,14000,0.24
EA,Spanish,150000,98
TD,Arabic,3200000,17
TD,French,2500000,13
CL,Spanish,18000000,98
CL,English,1800000,9.5
CL,Mapuche,280000,1.5
CN,Chinese,1300000000,90
CN,Wu Chinese,85000000,6.0
CN,Cantonese,74000000,5.2
CN,Cantonese,74000000,5.2
CN,Xiang Chinese,41000000,2.9
CN,Hakka Chinese,33000000,2.3
CN,Min Nan Chinese,27000000,1.9
CN,Gan Chinese,24000000,1.7
CN,Sichuan Yi,8500000,0.60
CN,Uyghur,7800000,0.55
CN,Zhuang,4400000,0.31
CN,Mongolian,3700000,0.26
CN,Tibetan,2800000,0.20
CN,Korean,2100000,0.15
CN,Kazakh,1200000,0.085
CN,Lisu,640000,0.045
CN,Kyrgyz,480000,0.034
CN,Naxi,340000,0.024
CN,Lü,270000,0.019
CN,Tai Nüa,270000,0.019
CN,Hmong Daw,240000,0.017
CN,Western Lawa,82000,0.0058
CN,English,64000,0.0045
CN,Hmong Njua,57000,0.0040
CN,Russian,14000,0.0010
CN,Vietnamese,7100,0.00050
CN,Uzbek,5700,0.00040
CN,Literary Chinese,0,0.0
CN,Samtao,0,0.0
CX,English,1400,83
CP,Unknown language,10,100
CC,Malay,500,84
CC,English,100,17
CO,Spanish,46000000,93
CO,Wayuu,130000,0.27
CO,Nheengatu,3000,0.0060
KM,Arabic,590000,66
KM,Ngazidja Comorian,330000,37
KM,Ndzwani Comorian,310000,34
KM,French,230000,26
CG,French,3700000,61
CG,Lingala,150000,2.4
CD,French,59000000,51
CD,Swahili,58000000,50
CD,Luba-Lulua,11000000,9.6
CD,Lingala,3600000,3.1
CD,Luba-Katanga,2700000,2.3
CD,Kongo,1700000,1.5
CD,Mongo,700000,0.61
CD,Kinyarwanda,440000,0.38
CK,English,7800,100
CR,Spanish,5000000,95
CI,French,10000000,34
CI,Baoulé,3300000,11
CI,Cebaara Senoufo,1300000,4.3
CI,Dan,1200000,4.0
CI,Koro,69000,0.23
CI,Koro Wachi,51000,0.17
HR,Croatian,4100000,99
HR,English,2000000,49
HR,Italian,66000,1.6
HR,Venetian,29000,0.70
CU,Spanish,11000000,100
CW,Papiamento,120000,81
CW,Dutch,12000,8.0
CW,Spanish,5700,3.7
CY,Greek,1300000,95
CY,English,960000,73
CY,Turkish,300000,23
CY,French,87000,6.6
CY,Armenian,2800,0.21
CY,Arabic,1300,0.098
CY,Eteocypriot,13,0.00010
CZ,Czech,11000000,98
CZ,English,2900000,27
CZ,Slovak,1700000,16
CZ,German,1600000,15
CZ,Polish,53000,0.49
DK,Danish,5600000,93
DK,English,5100000,86
DK,German,2800000,47
DK,Swedish,780000,13
DK,Faroese,23000,0.38
DK,Kalaallisut,7200,0.12
DK,Jutish,0,0.0
DG,English,500,99
DJ,French,500000,50
DJ,Afar,420000,42
DJ,Somali,410000,41
DJ,Arabic,73000,7.3
DM,English,70000,94
DO,Spanish,8400000,78
DO,English,8000,0.074
EC,Spanish,18000000,96
EC,Quechua,3100000,17
EC,Chimborazo Highland Quichua,1000000,5.7
EG,Arabic,100000000,94
EG,Egyptian Arabic,71000000,64
EG,English,39000000,35
EG,Coptic,6700000,6.0
EG,Greek,68000,0.061
SV,Spanish,5900000,89
SV,Cacaopera,3700,0.056
SV,Pipil,2700,0.041
SV,Lenca,1300,0.020
GQ,Spanish,1600000,87
GQ,Fang,920000,51
GQ,French,520000,29
GQ,Bube,140000,7.9
GQ,Portuguese,18,0.00010
ER,Tigrinya,3800000,60
ER,English,3700000,59
ER,Tigre,1100000,18
ER,Arabic,310000,4.9
ER,Afar,230000,3.6
ER,Saho,230000,3.6
ER,Blin,82000,1.3
EE,Estonian,850000,71
EE,Russian,670000,56
EE,English,600000,50
EE,Finnish,250000,21
EE,Võro,68000,5.7
EE,Interlingue,12,0.00010
SZ,English,910000,80
SZ,Swati,660000,58
SZ,Zulu,77000,6.8
SZ,Tsonga,19000,1.7
ET,English,51000000,43
ET,Amharic,39000000,33
ET,Oromo,38000000,32
ET,Somali,7100000,6.0
ET,Tigrinya,7100000,6.0
ET,Sidamo,4100000,3.5
ET,Wolaytta,2100000,1.8
ET,Afar,1700000,1.4
ET,Geez,0,0.0
FK,English,2800,77
FO,Faroese,50000,95
FJ,English,890000,94
FJ,Hindi,420000,44
FJ,Fiji Hindi,390000,41
FJ,Fijian,370000,39
FJ,Rotuman,2500,0.26
FI,Finnish,5300000,94
FI,English,3900000,70
FI,Swedish,2500000,44
FI,German,1000000,18
FI,Russian,46000,0.81
FI,Estonian,6200,0.11
FI,Kalo Finnish Romani,5000,0.089
FI,Northern Sami,2000,0.036
FI,Inari Sami,620,0.011
FI,Skolt Sami,620,0.011
FR,French,66000000,97
FR,English,27000000,39
FR,Spanish,8900000,13
FR,German,3400000,5.0
FR,Occitan,2100000,3.0
FR,Italian,1200000,1.7
FR,Portuguese,890000,1.3
FR,Picard,750000,1.1
FR,Swiss German,620000,0.91
FR,Breton,570000,0.83
FR,Corsican,160000,0.24
FR,Hmong Njua,130000,0.19
FR,Catalan,120000,0.17
FR,Basque,89000,0.13
FR,Dutch,89000,0.13
FR,Arpitan,64000,0.094
FR,Hmong Daw,10000,0.015
FR,Interlingua,140,0.00020
GF,French,120000,62
GF,Guianese Creole French,52000,26
GF,Chinese,5000,2.5
GF,Hmong Njua,4800,2.4
PF,French,300000,98
PF,Tahitian,94000,31
PF,Chinese,24000,7.8
TF,French,140,100
GA,French,1500000,63
GA,Punu,220000,9.0
GM,English,1000000,40
GM,Mandingo,730000,29
GM,Mandingo,730000,29
GM,Fula,0,0.0
GM,Fula,0,0.0
GE,Georgian,4200000,86
GE,Mingrelian,540000,11
GE,Russian,440000,9.0
GE,Armenian,340000,7.0
GE,Abkhazian,110000,2.2
GE,Ossetic,110000,2.2
GE,Kurdish,44000,0.89
GE,Laz,98,0.0020
DE,German,77000000,91
DE,English,54000000,64
DE,French,15000000,18
DE,Bavarian,14000000,17
DE,Low German,10000000,12
DE,Dutch,7600000,9.0
DE,Italian,5900000,7.0
DE,Spanish,5000000,6.0
DE,Russian,5000000,6.0
DE,Main-Franconian,5000000,6.0
DE,Turkish,2100000,2.5
DE,Swiss German,1900000,2.3
DE,Danish,1700000,2.0
DE,Swabian,840000,1.0
DE,Croatian,660000,0.79
DE,Kurdish,560000,0.66
DE,Greek,320000,0.38
DE,Colognian,250000,0.30
DE,Polish,240000,0.29
DE,Upper Sorbian,13000,0.016
DE,Northern Frisian,10000,0.012
DE,Lower Sorbian,7000,0.0083
DE,Eastern Frisian,2000,0.0024
DE,Saterland Frisian,1000,0.0012
DE,Palatine German,0,0.0
GH,Akan,13000000,39
GH,English,7300000,21
GH,Ewe,3800000,11
GH,Abron,1700000,5.0
GH,Frafra,1200000,3.5
GH,Adangme,1000000,3.0
GH,Ga,970000,2.8
GH,Nzima,350000,1.0
GH,Hausa,300000,0.86
GH,Safaliba,4200,0.012
GH,Fula,0,0.0
GH,Fula,0,0.0
GI,English,24000,80
GI,Spanish,15000,50
GR,Greek,10000000,99
GR,English,5300000,51
GR,French,760000,7.3
GR,German,520000,5.0
GR,Pontic,390000,3.7
GR,Macedonian,170000,1.6
GR,Turkish,130000,1.2
GR,Bulgarian,28000,0.27
GR,Albanian,10000,0.096
GR,Tsakonian,200,0.0019
GR,Mycenaean Greek,0,0.0
GR,Ancient Greek,0,0.0
GL,Kalaallisut,49000,84
GL,Danish,8100,14
GD,English,110000,96
GP,French,380000,84
GU,English,150000,91
GU,Chamorro,37000,22
GT,Spanish,16000000,88
GT,Kaqchikel,1600000,8.8
GT,Qʼeqchiʼ,1600000,8.8
GT,Kʼicheʼ,1600000,8.6
GT,Mam,840000,4.6
GT,English,570000,3.1
GT,Q'anjob'al,220000,1.2
GT,Poqomchi',220000,1.2
GT,Achi,200000,1.1
GT,Ixil,160000,0.89
GT,Tz'utujil,110000,0.61
GT,Western Kanjobal,110000,0.58
GT,Chuj,78000,0.43
GT,Popti',57000,0.31
GT,Aguacateco,47000,0.26
GT,Chortí,24000,0.13
GT,Poqomam,16000,0.090
GT,Sacapulteco,9900,0.054
GT,Uspanteco,8200,0.045
GT,Sipacapense,6600,0.036
GT,Garifuna,4900,0.027
GT,Tektiteko,4900,0.027
GT,Xinca,4900,0.027
GT,Cakchiquel-Quiché Mixed Language,3300,0.018
GT,Mopán Maya,3300,0.018
GT,Itzá,1700,0.0091
GG,English,68000,100
GN,French,3800000,27
GN,Fula,3600000,26
GN,Mandingo,3200000,23
GN,Mandingo,3200000,23
GN,Susu,1500000,11
GN,N’Ko,700000,5.0
GN,Kpelle,530000,3.8
GN,Fula,0,0.0
GW,Portuguese,2100000,100
GW,French,320000,15
GW,Mankanya,55000,2.6
GW,Fula,0,0.0
GW,Fula,0,0.0
GY,English,790000,100
HT,Haitian Creole,9500000,81
HT,French,4900000,42
HM,Unknown language,10,100
HN,Spanish,8700000,91
HN,Garifuna,45000,0.47
HN,English,42000,0.44
HK,Chinese,6900000,95
HK,Cantonese,6600000,90
HK,English,3700000,51
HK,Chinese,360000,5.0
HU,Hungarian,9900000,100
HU,English,2000000,20
HU,German,1800000,18
HU,French,120000,1.2
HU,Romanian,98000,0.99
HU,Croatian,32000,0.32
HU,Slovak,12000,0.12
HU,Slovenian,5000,0.051
IS,Icelandic,360000,100
IS,Danish,2300,0.62
IN,Hindi,580000000,41
IN,English,270000000,19
IN,Bangla,110000000,8.1
IN,Telugu,100000000,7.2
IN,Marathi,99000000,7.0
IN,Tamil,83000000,5.9
IN,Urdu,70000000,5.0
IN,Gujarati,63000000,4.5
IN,Kannada,52000000,3.7
IN,Malayalam,45000000,3.2
IN,Odia,45000000,3.2
IN,Punjabi,39000000,2.8
IN,Bhojpuri,32000000,2.3
IN,Awadhi,27000000,1.9
IN,Assamese,18000000,1.3
IN,Haryanvi,17000000,1.2
IN,Magahi,17000000,1.2
IN,Maithili,17000000,1.2
IN,Marwari,17000000,1.2
IN,Chhattisgarhi,16000000,1.1
IN,Deccan,14000000,0.99
IN,Kanauji,7900000,0.56
IN,Nepali,7900000,0.56
IN,Santali,7800000,0.55
IN,Mewati,6500000,0.46
IN,Rangpuri,6100000,0.43
IN,Kashmiri,5800000,0.41
IN,Konkani,5200000,0.37
IN,Konkani,4500000,0.32
IN,Shekhawati,3900000,0.28
IN,Garhwali,3800000,0.27
IN,Lambadi,3800000,0.27
IN,Sindhi,3700000,0.26
IN,Gondi,3400000,0.24
IN,Kumaoni,3100000,0.22
IN,Dogri,2800000,0.20
IN,Kurukh,2700000,0.19
IN,Sadri,2500000,0.18
IN,Waddar,2500000,0.18
IN,Kangri,2300000,0.16
IN,Khandesi,2100000,0.15
IN,Tulu,2100000,0.15
IN,Wagdi,2100000,0.15
IN,Bodo,2000000,0.14
IN,Sindhi,2000000,0.14
IN,Nimadi,1800000,0.13
IN,Bhili,1700000,0.12
IN,Manipuri,1600000,0.11
IN,Hindi,1400000,0.10
IN,Rajasthani,1400000,0.10
IN,Ho,1400000,0.099
IN,Mewari,1400000,0.097
IN,Mundari,1300000,0.094
IN,Bhilali,1300000,0.092
IN,Hadothi,1200000,0.082
IN,Khasi,1100000,0.080
IN,Kachhi,1100000,0.075
IN,Garo,750000,0.053
IN,Munda,680000,0.048
IN,Bagheli,520000,0.037
IN,Sirmauri,490000,0.035
IN,Sourashtra,410000,0.029
IN,Chakma,390000,0.028
IN,Badaga,320000,0.023
IN,Ao Naga,320000,0.023
IN,Riang,180000,0.013
IN,Tibetan,160000,0.011
IN,Bishnupriya,96000,0.0068
IN,Balti,87000,0.0062
IN,Braj,58000,0.0041
IN,Lepcha,49000,0.0035
IN,Kuvi,41000,0.0029
IN,Bateri,37000,0.0026
IN,Limbu,37000,0.0026
IN,Western Panjabi,35000,0.0025
IN,Sanskrit,17000,0.0012
IN,Khamti,8500,0.00060
IN,Divehi,4200,0.00030
IN,Dzongkha,2800,0.00020
IN,Pali,0,0.0
ID,Indonesian,180000000,64
ID,Javanese,96000000,34
ID,Sundanese,34000000,12
ID,Madurese,18000000,6.3
ID,Malay,9600000,3.4
ID,Minangkabau,8400000,3.0
ID,Betawi,5900000,2.1
ID,Balinese,5100000,1.8
ID,Buginese,4500000,1.6
ID,Banjar,4200000,1.5
ID,Acehnese,3900000,1.4
ID,Malay,3400000,1.2
ID,Sasak,2700000,0.97
ID,Batak Toba,2600000,0.92
ID,Chinese,2600000,0.92
ID,Makasar,2100000,0.73
ID,Lampung Api,1900000,0.69
ID,Rejang,1300000,0.46
ID,Gorontalo,1200000,0.41
ID,Ngaju,1000000,0.37
ID,Komering,900000,0.32
ID,Uab Meto,760000,0.27
ID,Kerinci,390000,0.14
ID,Tolaki,370000,0.13
ID,Gayo,340000,0.12
ID,Tae',310000,0.11
ID,Mandar,260000,0.092
ID,Sangir,260000,0.092
ID,Selayar,150000,0.054
ID,Mentawai,68000,0.024
ID,Balinese,0,0.0
ID,Kawi,0,0.0
IR,Persian,66000000,75
IR,Azeri,21000000,24
IR,Mazanderani,4400000,5.0
IR,Gilaki,4100000,4.6
IR,Southern Kurdish,4000000,4.5
IR,Turkmen,2500000,2.8
IR,Northern Luri,1900000,2.1
IR,Arabic,1800000,2.0
IR,Baluchi,1800000,2.0
IR,Domari,1700000,1.9
IR,Bakhtiari,1200000,1.4
IR,Southern Luri,1100000,1.2
IR,Laki,670000,0.76
IR,Kara-Kalpak,590000,0.67
IR,Central Kurdish,560000,0.63
IR,Western Balochi,490000,0.56
IR,Kurdish,490000,0.56
IR,Parsi-Dari,440000,0.50
IR,Armenian,210000,0.24
IR,Pashto,140000,0.16
IR,Georgian,63000,0.071
IR,Zoroastrian Dari,8000,0.0091
IR,Kazakh,3000,0.0034
IQ,Arabic,29000000,68
IQ,English,15000000,35
IQ,Central Kurdish,5100000,12
IQ,Kurdish,4200000,10
IQ,Azeri,760000,1.8
IQ,Persian,370000,0.87
IQ,Northern Luri,260000,0.61
IQ,Syriac,210000,0.50
IE,English,5100000,98
IE,Irish,1200000,22
IE,French,680000,13
IM,English,92000,100
IM,Manx,1700,1.8
IL,Hebrew,9400000,100
IL,English,8000000,85
IL,Arabic,1900000,20
IL,Levantine Arabic,1600000,17
IL,Russian,1000000,11
IL,Romanian,350000,3.7
IL,Yiddish,280000,3.0
IL,Polish,140000,1.5
IL,Ladino,120000,1.3
IL,Hungarian,94000,1.0
IL,Amharic,55000,0.59
IL,Tigrinya,10000,0.11
IL,Malayalam,8000,0.085
IT,Italian,58000000,95
IT,English,21000000,34
IT,French,12000000,20
IT,Lombard,3500000,5.7
IT,Sardinian,1000000,1.7
IT,German,980000,1.6
IT,Venetian,790000,1.3
IT,Piedmontese,670000,1.1
IT,Neapolitan,590000,0.97
IT,Ligurian,520000,0.86
IT,Sicilian,500000,0.82
IT,Sassarese Sardinian,100000,0.17
IT,Slovenian,100000,0.17
IT,Friulian,37000,0.060
IT,Emilian,30000,0.050
IT,Ladin,29000,0.048
IT,Catalan,21000,0.035
IT,Greek,21000,0.035
IT,Croatian,3500,0.0057
IT,Mòcheno,1400,0.0023
IT,Romagnol,0,0.0
JM,English,2800000,98
JM,Jamaican Creole English,2700000,95
JP,Japanese,120000000,95
JP,Central Okinawan,950000,0.77
JP,Korean,640000,0.52
JE,English,98000,95
JO,Arabic,11000000,100
JO,Levantine Arabic,7400000,66
JO,English,5000000,45
KZ,Russian,15000000,72
KZ,Kazakh,13000000,64
KZ,English,3000000,15
KZ,German,1300000,6.4
KZ,Uyghur,410000,2.0
KZ,Kara-Kalpak,3600,0.018
KE,Swahili,38000000,66
KE,English,11000000,19
KE,Kikuyu,9900000,17
KE,Luyia,6400000,11
KE,Luo,5700000,9.8
KE,Kamba,4400000,7.6
KE,Kalenjin,4400000,7.6
KE,Gusii,2900000,4.9
KE,Meru,2300000,4.0
KE,Masai,930000,1.6
KE,Embu,870000,1.5
KE,Somali,760000,1.3
KE,Taita,480000,0.82
KE,Teso,430000,0.74
KE,Pökoot,400000,0.69
KE,Oromo,270000,0.47
KE,Samburu,270000,0.46
KE,Arabic,27000,0.046
KE,Punjabi,9900,0.017
KE,Gujarati,5000,0.0086
KI,English,120000,100
KI,Gilbertese,70000,60
XK,Albanian,1800000,92
XK,Gheg Albanian,1500000,74
XK,Serbian,99000,5.0
XK,Serbian,99000,5.0
KW,Arabic,3100000,100
KG,Kyrgyz,3000000,48
KG,Russian,2200000,36
KG,Kara-Kalpak,1200,0.019
LA,Lao,5500000,69
LA,Khmu,460000,5.8
LA,Hmong Njua,240000,3.0
LA,Hmong Daw,180000,2.3
LA,Kuy,76000,0.96
LV,Latvian,1100000,61
LV,English,830000,46
LV,Russian,680000,38
LV,Latgalian,160000,8.9
LB,Levantine Arabic,5400000,100
LB,Arabic,4600000,86
LB,English,2100000,40
LB,French,2000000,38
LB,Armenian,280000,5.2
LB,Kurdish,91000,1.7
LS,Southern Sotho,2200000,98
LS,English,600000,27
LS,Zulu,310000,14
LS,Swati,53000,2.4
LS,Xhosa,22000,0.99
LR,English,4500000,83
LR,Liberian English,4000000,74
LR,Kpelle,1100000,20
LR,Bassa,760000,14
LR,Kru,540000,10
LR,Grebo,540000,9.9
LR,Dan,430000,7.9
LR,Mano,390000,7.2
LR,Southern Kisi,230000,4.3
LR,Vai,210000,3.8
LR,Bandi,160000,2.9
LR,Mende,92000,1.7
LR,Fula,0,0.0
LR,Fula,0,0.0
LR,Vai,0,0.0
LY,Arabic,5400000,74
LI,German,40000,100
LI,Swiss German,34000,85
LI,Walser,1300,3.2
LT,Lithuanian,2300000,86
LT,Russian,2100000,80
LT,English,1000000,38
LT,German,370000,14
LT,Samogitian,0,0.0
LU,French,620000,92
LU,Luxembourgish,450000,67
LU,German,420000,63
LU,English,380000,56
LU,Portuguese,110000,16
MO,Chinese,630000,98
MO,Cantonese,550000,86
MO,English,150000,23
MO,Chinese,32000,5.0
MO,Min Nan Chinese,24000,3.7
MO,Filipino,20000,3.1
MO,Portuguese,15000,2.3
MG,Malagasy,27000000,90
MG,French,8000000,27
MG,English,5300000,18
MW,English,14000000,63
MW,Nyanja,14000000,63
MW,Tumbuka,1800000,8.4
MW,Nyasa Tonga,210000,0.98
MW,Zulu,72000,0.33
MY,Malay,26000000,75
MY,English,7300000,21
MY,Chinese,5900000,17
MY,Tamil,1500000,4.2
MY,Iban,860000,2.5
MY,Javanese,410000,1.2
MY,Negeri Sembilan Malay,410000,1.2
MY,Central Dusun,190000,0.56
MY,Malayalam,52000,0.15
MY,Buginese,27000,0.079
MY,Banjar,4800,0.014
MV,Divehi,380000,98
MV,English,290000,75
ML,Bambara,10000000,46
ML,French,3700000,17
ML,Maasina Fulfulde,1700000,7.7
ML,Soninke,1300000,5.9
ML,Kita Maninkakan,1100000,5.0
ML,Koyraboro Senni,750000,3.4
ML,Tamashek,460000,2.1
ML,Bambara,440000,2.0
ML,Koyra Chiini,370000,1.7
ML,Tomo Kan Dogon,240000,1.1
ML,Xaasongaxango,220000,1.0
ML,Arabic,200000,0.90
ML,Bomu,190000,0.86
ML,Jenaama Bozo,190000,0.85
MT,Maltese,470000,100
MT,English,410000,88
MT,Italian,260000,56
MT,French,61000,13
MH,English,76000,93
MH,Marshallese,60000,73
MQ,French,350000,81
MR,Hassaniyya,3800000,87
MR,Arabic,3700000,85
MR,French,560000,13
MR,Fula,250000,5.7
MR,Wolof,10000,0.23
MR,Fula,0,0.0
MU,Morisyen,1200000,90
MU,French,960000,73
MU,English,940000,72
MU,Bhojpuri,110000,8.6
MU,Urdu,68000,5.2
MU,Tamil,33000,2.5
YT,Comorian,170000,88
YT,French,120000,63
YT,Bushi,45000,23
YT,Swahili,2700,1.4
MX,Spanish,110000000,83
MX,English,17000000,13
MX,Yucateco,880000,0.67
MX,Eastern Huasteca Nahuatl,510000,0.39
MX,Western Huasteca Nahuatl,510000,0.39
MX,Central Mazahua,440000,0.34
MX,Central Huasteca Nahuatl,250000,0.19
MX,Venetian,2500,0.0019
MX,Seri,920,0.00070
FM,English,57000,57
FM,Chuukese,30000,30
FM,Pohnpeian,23000,23
FM,Kosraean,8000,8.0
FM,Yapese,6600,6.6
FM,Ulithian,3000,3.0
MD,Romanian,2300000,63
MD,Ukrainian,500000,14
MD,Bulgarian,340000,9.4
MD,Gagauz,120000,3.3
MD,Russian,110000,3.0
MC,French,31000,97
MN,Mongolian,3100000,93
MN,Kazakh,240000,7.2
MN,Chinese,46000,1.4
MN,Russian,3900,0.12
MN,Uyghur,980,0.030
ME,Serbian,600000,100
ME,Albanian,47000,7.9
ME,Serbian,30000,5.0
MS,English,3500,64
MA,Moroccan Arabic,33000000,87
MA,Arabic,23000000,62
MA,French,13000000,36
MA,Standard Moroccan Tamazight,8200000,22
MA,English,5200000,14
MA,Central Atlas Tamazight,3700000,9.8
MA,Tachelhit,3300000,8.7
MA,Tachelhit,3300000,8.7
MA,Riffian,1800000,4.9
MA,Riffian,1800000,4.9
MA,Hassaniyya,310000,0.82
MA,Spanish,24000,0.065
MZ,Portuguese,9000000,27
MZ,Makhuwa,4300000,13
MZ,Ndau,3300000,9.9
MZ,Tsonga,2600000,7.9
MZ,Lomwe,2300000,6.8
MZ,Sena,1500000,4.6
MZ,Makhuwa-Meetto,1500000,4.5
MZ,Ronga,1100000,3.4
MZ,Nyanja,870000,2.6
MZ,Yao,800000,2.4
MZ,Swahili,9300,0.028
MZ,Zulu,1800,0.0054
MM,Burmese,37000000,64
MM,Shan,3700000,6.4
MM,Kachin,980000,1.7
MM,Rohingya,980000,1.7
MM,Mon,860000,1.5
MM,Hmong Njua,13000,0.022
MM,Samtao,9800,0.017
MM,Khamti,4300,0.0074
MM,Pali,0,0.0
NA,Afrikaans,2100000,75
NA,Kuanyama,980000,35
NA,Ndonga,590000,21
NA,Nama,310000,11
NA,Herero,260000,9.1
NA,English,200000,7.0
NA,German,25000,0.90
NA,Tswana,16000,0.56
NR,English,9400,95
NR,Nauru,6900,70
NP,Nepali,14000000,44
NP,Maithili,3400000,11
NP,Bhojpuri,2100000,6.8
NP,Newari,1000000,3.3
NP,Jumli,1000000,3.2
NP,English,930000,3.0
NP,Dotyali,780000,2.5
NP,Awadhi,680000,2.2
NP,Dangaura Tharu,620000,2.0
NP,Bantawa,470000,1.5
NP,Western Tamang,400000,1.3
NP,Rana Tharu,370000,1.2
NP,Limbu,340000,1.1
NP,Eastern Magar,340000,1.1
NP,Kochila Tharu,310000,1.0
NP,Western Magar,260000,0.83
NP,Bagheli,170000,0.54
NP,Sherpa,160000,0.52
NP,Rajbanshi,140000,0.44
NP,Eastern Tamang,130000,0.43
NP,Hindi,130000,0.42
NP,Gurung,90000,0.29
NP,Tibetan,75000,0.24
NP,Kathoriya Tharu,75000,0.24
NP,Sunwar,40000,0.13
NP,Thulung,37000,0.12
NP,Bangla,29000,0.094
NP,Mundari,5600,0.018
NP,Lepcha,2800,0.0091
NL,Dutch,18000000,100
NL,English,16000000,90
NL,German,13000000,71
NL,French,3400000,19
NL,Low German,2000000,11
NL,Limburgish,980000,5.5
NL,Western Frisian,760000,4.3
NL,Gronings,640000,3.6
NL,Indonesian,320000,1.8
NL,Zeelandic,250000,1.4
NL,Riffian,210000,1.2
NL,Turkish,210000,1.2
NC,French,300000,99
NZ,English,5100000,98
NZ,Māori,140000,2.8
NI,Spanish,5200000,78
NE,Hausa,11000000,41
NE,Zarma,4500000,17
NE,French,3400000,13
NE,Central-Eastern Niger Fulfulde,1800000,7.0
NE,Tamashek,1600000,6.0
NE,Arabic,55000,0.21
NE,Tasawaq,7900,0.030
NE,Fula,0,0.0
NE,Fula,0,0.0
NG,English,130000000,53
NG,Nigerian Pidgin,50000000,21
NG,Hausa,31000000,13
NG,Igbo,31000000,13
NG,Yoruba,31000000,13
NG,Nigerian Fulfulde,16000000,6.7
NG,Tiv,3800000,1.6
NG,Efik,3300000,1.4
NG,Ibibio,3300000,1.4
NG,Hausa,2400000,1.0
NG,Bini,1700000,0.71
NG,Jju,500000,0.21
NG,Tyap,220000,0.093
NG,Arabic,170000,0.071
NG,Atsam,50000,0.021
NG,Amo,21000,0.0087
NG,Obolo,0,0.0
NG,Fula,0,0.0
NG,Fula,0,0.0
NU,English,1100,56
NU,Niuean,1100,56
NF,English,1700,96
KP,Korean,23000000,88
MK,Macedonian,1400000,67
MK,Albanian,530000,25
MK,Turkish,75000,3.5
MP,English,50000,97
MP,Chamorro,9200,18
NO,Norwegian Bokmål,5500000,100
NO,Norwegian,5500000,100
NO,Norwegian Nynorsk,1400000,25
NO,Northern Sami,16000,0.29
OM,Arabic,3200000,81
OM,Baluchi,190000,4.9
OM,Persian,37000,0.94
PK,Urdu,240000000,95
PK,Punjabi,180000000,70
PK,English,130000000,50
PK,Western Panjabi,100000000,40
PK,Pashto,40000000,16
PK,Sindhi,38000000,15
PK,Saraiki,30000000,12
PK,Baluchi,6600000,2.6
PK,Northern Hindko,4300000,1.7
PK,Brahui,3300000,1.3
PK,Persian,1700000,0.66
PK,Western Balochi,1400000,0.57
PK,Southern Hindko,1000000,0.41
PK,Tajik,830000,0.33
PK,Gujari,500000,0.20
PK,Balti,450000,0.18
PK,Parkari Koli,400000,0.16
PK,Khowar,380000,0.15
PK,Indus Kohistani,350000,0.14
PK,Kachi Koli,280000,0.11
PK,Wadiyara Koli,280000,0.11
PK,Kashmiri,170000,0.069
PK,Torwali,130000,0.053
PK,Bateri,48000,0.019
PW,Palauan,16000,74
PW,English,1900,8.6
PS,Arabic,5400000,100
PS,Levantine Arabic,4700000,87
PA,Spanish,3100000,69
PA,English,630000,14
PA,Chinese,5800,0.13
PG,Tok Pisin,7100000,71
PG,English,5000000,50
PG,Hiri Motu,210000,2.1
PY,Guarani,6000000,80
PY,Spanish,240000,3.2
PY,German,220000,2.9
PE,Spanish,24000000,73
PE,Quechua,4900000,15
PE,Aymara,520000,1.6
PH,English,76000000,64
PH,Filipino,71000000,60
PH,Spanish,37000000,31
PH,Cebuano,28000000,24
PH,Iloko,11000000,9.6
PH,Hiligaynon,9900000,8.4
PH,Bikol,3500000,3.0
PH,Waray,3400000,2.9
PH,West Albay Bikol,2700000,2.3
PH,Pampanga,2700000,2.3
PH,Pangasinan,1700000,1.4
PH,Maguindanaon,1400000,1.2
PH,Tausug,1300000,1.1
PH,Chinese,860000,0.73
PH,Capiznon,780000,0.66
PH,Kinaray-a,460000,0.39
PH,Rinconada Bikol,330000,0.28
PH,Hanunoo,19000,0.016
PH,Tagbanwa,10000,0.0085
PH,Buhid,8000,0.0068
PN,English,46,92
PL,Polish,37000000,96
PL,English,13000000,33
PL,German,7400000,19
PL,Russian,7000000,18
PL,Silesian,500000,1.3
PL,Belarusian,220000,0.58
PL,Ukrainian,150000,0.39
PL,Kashubian,50000,0.13
PL,Lower Silesian,12000,0.031
PL,Lithuanian,8100,0.021
PL,Prussian,39,0.00010
PT,Portuguese,9800000,96
PT,English,2800000,27
PT,French,1500000,15
PT,Spanish,1000000,10
PT,Galician,14000,0.14
PR,Spanish,2600000,87
PR,English,1500000,49
QA,Arabic,2300000,89
QA,Persian,280000,11
QA,Malayalam,6400,0.25
RE,French,700000,89
RE,Réunion Creole French,560000,71
RE,Tamil,120000,15
RO,Romanian,16000000,90
RO,English,5600000,31
RO,French,2200000,12
RO,Spanish,1800000,10
RO,Hungarian,1200000,6.6
RO,German,38000,0.21
RO,Turkish,24000,0.13
RO,Serbian,22000,0.12
RO,Bulgarian,6700,0.037
RO,Greek,4200,0.023
RO,Polish,2700,0.015
RU,Russian,130000000,94
RU,Tatar,2000000,1.4
RU,Bashkir,1800000,1.3
RU,Chuvash,1800000,1.3
RU,Armenian,1200000,0.84
RU,Chechen,930000,0.66
RU,Avaric,550000,0.39
RU,Udmurt,540000,0.38
RU,Mari,520000,0.37
RU,Ossetic,450000,0.32
RU,Yakut,450000,0.32
RU,Kabardian,440000,0.31
RU,Erzya,440000,0.31
RU,Dargwa,370000,0.26
RU,Buriat,310000,0.22
RU,Moksha,300000,0.21
RU,Kumyk,280000,0.20
RU,Komi,250000,0.18
RU,Lezghian,250000,0.18
RU,Karachay-Balkar,240000,0.17
RU,Ingush,230000,0.16
RU,Tuvinian,180000,0.13
RU,Azeri,130000,0.093
RU,Adyghe,120000,0.088
RU,Karelian,120000,0.082
RU,Lak,110000,0.078
RU,Komi-Permyak,63000,0.045
RU,Pontic,56000,0.040
RU,Abaza,30000,0.021
RU,Western Mari,30000,0.021
RU,Southern Altai,20000,0.014
RU,Finnish,17000,0.012
RU,Serbian,5800,0.0041
RU,Veps,3700,0.0026
RU,Mongolian,2100,0.0015
RU,Kara-Kalpak,840,0.00060
RU,Ingrian,140,0.00010
RU,Church Slavic,0,0.0
RU,Votic,0,0.0
RW,Kinyarwanda,10000000,77
RW,English,2000000,15
RW,French,790000,5.8
WS,Samoan,210000,100
WS,English,4400,2.1
SM,Italian,31000,89
SM,Esperanto,300,0.85
ST,Portuguese,190000,85
ST,French,45000,20
CQ,English,480,98
SA,Arabic,37000000,100
SA,Najdi Arabic,1100000,3.0
SN,Wolof,13000000,70
SN,French,4900000,26
SN,Fula,4000000,21
SN,Serer,2100000,11
SN,Jola-Fonyi,490000,2.6
SN,Saafi-Saafi,280000,1.5
SN,Mandjak,150000,0.77
SN,Balanta-Ganja,110000,0.61
SN,Noon,45000,0.24
SN,Mankanya,40000,0.21
SN,Bassari,18000,0.097
SN,Hassaniyya,7200,0.038
SN,Ménik,3400,0.018
SN,Fula,0,0.0
RS,Serbian,6600000,99
RS,Serbian,6600000,99
RS,Albanian,1300000,19
RS,Hungarian,320000,4.8
RS,Romanian,140000,2.1
RS,Croatian,62000,0.93
RS,Slovak,57000,0.85
RS,Ukrainian,0,0.0
SC,Seselwa Creole French,96000,98
SC,French,52000,53
SC,English,37000,38
SL,Krio,8700000,95
SL,English,3200000,35
SL,Mende,2500000,27
SL,Timne,2400000,26
SL,Fula,0,0.0
SL,Fula,0,0.0
SG,English,5600000,93
SG,Chinese,4600000,77
SG,Malay,840000,14
SG,Tamil,130000,2.1
SG,Malayalam,10000,0.17
SG,Punjabi,9600,0.16
SX,English,31000,68
SX,Spanish,5100,11
SX,Virgin Islands Creole English,3100,6.7
SX,Dutch,1600,3.4
SK,Slovak,5000000,90
SK,Czech,2600000,47
SK,English,1400000,26
SK,German,1200000,22
SK,Hungarian,610000,11
SK,Ukrainian,110000,1.9
SK,Polish,52000,0.93
SI,Slovenian,1800000,87
SI,Croatian,1300000,61
SI,English,1200000,59
SI,German,880000,42
SI,Venetian,29000,1.4
SI,Hungarian,9200,0.44
SI,Italian,4000,0.19
SB,English,730000,100
SB,Pijin,600000,82
SB,Roviana,10000,1.4
SO,Somali,10000000,78
SO,Arabic,4400000,34
SO,Swahili,260000,2.0
SO,Oromo,55000,0.42
ZA,English,19000000,31
ZA,Zulu,15000000,24
ZA,Xhosa,11000000,18
ZA,Afrikaans,7900000,13
ZA,Northern Sotho,5700000,9.4
ZA,Tswana,5000000,8.2
ZA,Southern Sotho,4800000,7.9
ZA,Tsonga,2700000,4.4
ZA,Swati,1600000,2.7
ZA,Venda,1400000,2.3
ZA,Hindi,1200000,2.0
ZA,South Ndebele,970000,1.6
ZA,Swahili,1000,0.0017
GS,English,20,100
KR,Korean,52000000,100
SS,Arabic,3400000,27
SS,English,3400000,27
SS,Nuer,710000,5.6
ES,Spanish,47000000,99
ES,English,11000000,24
ES,Catalan,8000000,17
ES,Galician,3300000,7.0
ES,Basque,950000,2.0
ES,Asturian,610000,1.3
ES,Extremaduran,230000,0.49
ES,Aragonese,25000,0.052
ES,Occitan,4700,0.010
LK,Sinhala,15000000,68
LK,Tamil,3300000,15
LK,English,2200000,10
LK,Pali,0,0.0
BL,French,6000,85
SH,English,5400,68
KN,English,54000,98
LC,English,150000,90
MF,French,28000,84
PM,French,5100,100
PM,English,190,3.7
VC,English,97000,96
SD,Sudanese Arabic,31000000,61
SD,Arabic,31000000,61
SD,English,31000000,61
SD,Beja,2700000,5.4
SD,Fur,1400000,2.7
SD,Hausa,910000,1.8
SD,Masalit,500000,0.99
SD,Nobiin,420000,0.83
SD,Zaghawa,260000,0.51
SR,Dutch,580000,90
SR,Sranan Tongo,440000,68
SR,Chinese,7100,1.1
SR,Hmong Njua,2300,0.36
SJ,Norwegian Bokmål,1500,51
SJ,Russian,1200,41
SE,Swedish,10000000,95
SE,English,9100000,86
SE,Finnish,230000,2.2
SE,Tornedalen Finnish,58000,0.55
SE,Northern Sami,35000,0.33
SE,Tavringer Romani,9500,0.090
SE,Yiddish,3000,0.028
SE,Lule Sami,1500,0.014
SE,Southern Sami,300,0.0028
SE,Interlingua,0,0.0
CH,German,6700000,76
CH,Swiss German,5800000,66
CH,English,4000000,45
CH,French,3500000,39
CH,Italian,1300000,15
CH,Lombard,360000,4.1
CH,Portuguese,300000,3.4
CH,Romansh,44000,0.50
CH,Sinte Romani,26000,0.29
CH,Walser,9700,0.11
SY,Levantine Arabic,20000000,85
SY,Arabic,19000000,80
SY,Kurdish,1900000,8.0
SY,French,1400000,5.9
SY,Armenian,430000,1.8
SY,Syriac,20000,0.084
TW,Chinese,22000000,95
TW,Min Nan Chinese,13000000,57
TW,Hakka Chinese,2600000,11
TW,Taroko,4700,0.020
TJ,Tajik,10000000,100
TJ,Russian,1200000,12
TJ,Persian,81000,0.78
TJ,Arabic,1000,0.0096
TZ,Swahili,61000000,90
TZ,English,47000000,69
TZ,Sukuma,5900000,8.7
TZ,Nyamwezi,2200000,3.3
TZ,Makonde,1700000,2.5
TZ,Bena,1100000,1.7
TZ,Shambala,1100000,1.7
TZ,Masai,1000000,1.5
TZ,Mbunga,940000,1.4
TZ,Asu,810000,1.2
TZ,Langi,590000,0.87
TZ,Machame,500000,0.74
TZ,Rombo,500000,0.74
TZ,Vunjo,500000,0.74
TZ,Rwa,150000,0.22
TZ,Sangu,130000,0.20
TH,Thai,56000000,80
TH,English,19000000,27
TH,Northeastern Thai,17000000,24
TH,Northern Thai,6700000,9.6
TH,Southern Thai,5600000,8.0
TH,Pattani Malay,3500000,5.0
TH,Chinese,1300000,1.8
TH,Northern Khmer,1200000,1.7
TH,Kuy,340000,0.48
TH,Mon,120000,0.17
TH,Hmong Njua,69000,0.098
TH,Shan,67000,0.096
TH,Hmong Daw,33000,0.047
TH,Western Lawa,7000,0.010
TH,Eastern Lawa,7000,0.010
TH,Pali,0,0.0
TL,Portuguese,890000,59
TL,Tetum,890000,59
TG,French,3700000,41
TG,Ewe,1500000,17
TG,Ifè,120000,1.3
TG,Anii,13000,0.15
TK,Tokelauan,1100,69
TK,English,630,38
TK,Samoan,330,20
TO,Tongan,100000,95
TO,English,29000,28
TT,English,1200000,88
TT,Spanish,4100,0.29
TA,English,270,99
TN,Tunisian Arabic,11000000,90
TN,Arabic,11000000,90
TN,French,6400000,53
TR,Turkish,78000000,93
TR,English,14000000,17
TR,Kurdish,4600000,5.5
TR,Levantine Arabic,4400000,5.2
TR,Zaza,1200000,1.4
TR,Kabardian,650000,0.77
TR,Azeri,620000,0.74
TR,Azeri,550000,0.65
TR,Arabic,470000,0.56
TR,Balkan Gagauz Turkish,390000,0.46
TR,Bulgarian,350000,0.42
TR,Adyghe,330000,0.39
TR,Kirmanjki,160000,0.19
TR,Kara-Kalpak,84000,0.10
TR,Armenian,47000,0.056
TR,Georgian,47000,0.056
TR,Serbian,24000,0.028
TR,Laz,21000,0.025
TR,Albanian,18000,0.021
TR,Abaza,13000,0.015
TR,Pontic,5100,0.0061
TR,Abkhazian,4000,0.0048
TR,Greek,4000,0.0048
TR,Turoyo,3000,0.0036
TR,Uzbek,2000,0.0024
TR,Kyrgyz,1200,0.0014
TR,Kazakh,590,0.00070
TM,Turkmen,4000000,70
TM,Russian,690000,12
TM,Uzbek,520000,9.0
TM,Kurdish,23000,0.40
TM,Kara-Kalpak,5700,0.10
TC,English,59000,98
TV,Tuvalu,10000,85
TV,English,1100,9.1
UM,English,320,100
VI,English,78000,75
UG,Swahili,37000000,75
UG,Ganda,6400000,13
UG,Nyankole,3100000,6.3
UG,Chiga,2700000,5.4
UG,Soga,2600000,5.3
UG,English,1900000,3.9
UG,Teso,1900000,3.9
UG,Lango,1900000,3.8
UG,Acoli,1800000,3.7
UG,Masaaba,1400000,2.9
UG,Kinyarwanda,1000000,2.1
UG,Tooro,940000,1.9
UG,Hindi,2200,0.0045
UA,Ukrainian,23000000,65
UA,Russian,16000000,46
UA,Polish,860000,2.4
UA,Yiddish,460000,1.3
UA,Rusyn,430000,1.2
UA,Belarusian,300000,0.83
UA,Crimean Tatar,200000,0.56
UA,Romanian,190000,0.52
UA,Bulgarian,170000,0.49
UA,Turkish,150000,0.42
UA,Hungarian,130000,0.37
UA,Greek,7100,0.020
AE,Arabic,7800000,78
AE,English,5000000,50
AE,Malayalam,700000,7.0
AE,Pashto,290000,2.9
AE,Baluchi,230000,2.3
AE,Persian,190000,1.9
GB,English,67000000,98
GB,French,12000000,17
GB,German,6200000,9.0
GB,Spanish,5500000,8.0
GB,Polish,2700000,4.0
GB,Punjabi,2500000,3.6
GB,Urdu,2400000,3.5
GB,Tamil,2200000,3.2
GB,Gujarati,2000000,2.9
GB,Scots,1700000,2.5
GB,Welsh,890000,1.3
GB,Romanian,550000,0.80
GB,Bangla,270000,0.40
GB,Arabic,210000,0.30
GB,Chinese,210000,0.30
GB,Italian,140000,0.20
GB,Lithuanian,140000,0.20
GB,Portuguese,140000,0.20
GB,Somali,140000,0.20
GB,Turkish,140000,0.20
GB,Irish,100000,0.15
GB,Scottish Gaelic,75000,0.11
GB,Cornish,2000,0.0029
GB,Pali,140,0.00020
GB,English,0,0.0
US,English,330000000,96
US,Spanish,33000000,9.6
US,Chinese,2400000,0.69
US,French,1900000,0.56
US,German,1600000,0.47
US,Filipino,1400000,0.42
US,Italian,1200000,0.34
US,Vietnamese,1200000,0.34
US,Korean,1000000,0.30
US,Russian,820000,0.24
US,Hmong Daw,230000,0.068
US,Navajo,170000,0.050
US,Yiddish,170000,0.049
US,Pennsylvania German,130000,0.039
US,Hmong Njua,120000,0.035
US,Hawaiian,30000,0.0089
US,Cajun French,29000,0.0084
US,Cherokee,26000,0.0077
US,Central Yupik,22000,0.0063
US,Dakota,20000,0.0059
US,Choctaw,11000,0.0033
US,Lakota,8200,0.0024
US,Inupiaq,7900,0.0023
US,Muscogee,4100,0.0012
US,Okanagan,340,0.00010
US,Caddo,0,0.0
US,Chickasaw,0,0.0
US,Ido,0,0.0
US,Lojban,0,0.0
US,Osage,0,0.0
UY,Spanish,3000000,88
UZ,Uzbek,31000000,85
UZ,Uzbek,5500000,15
UZ,Russian,5100000,14
UZ,Kara-Kalpak,770000,2.1
UZ,Turkish,230000,0.62
VU,Bislama,290000,90
VU,English,260000,83
VU,French,99000,31
VA,Italian,820,82
VA,Latin,820,82
VE,Spanish,26000000,82
VE,Nheengatu,2000,0.0064
VN,Vietnamese,91000000,86
VN,Hmong Daw,1500000,1.4
VN,Chinese,1200000,1.1
VN,Tai Dam,730000,0.69
VN,Hmong Njua,180000,0.17
VN,Eastern Cham,94000,0.089
WF,French,13000,83
WF,Wallisian,9400,59
WF,East Futuna,4800,30
EH,Arabic,650000,100
EH,Hassaniyya,13,0.00020
YE,Arabic,24000000,74
YE,English,2900000,9.0
ZM,Bemba,7100000,34
ZM,Nyanja,4000000,19
ZM,English,3300000,16
ZM,Tonga,2300000,11
ZM,Lozi,1100000,5.5
ZM,Nsenga,620000,3.0
ZM,Lala-Bisa,580000,2.8
ZM,Tumbuka,540000,2.6
ZM,Kaonde,400000,1.9
ZM,Lunda,400000,1.9
ZM,Luvale,310000,1.5
ZW,Shona,14000000,81
ZW,English,7200000,42
ZW,North Ndebele,2100000,12
ZW,Manyika,1100000,6.5
ZW,Ndau,1000000,6.1
ZW,Kalanga,910000,5.3
ZW,Nyanja,330000,1.9
ZW,Venda,110000,0.64
ZW,Tswana,38000,0.22
