Country,Year,Population,Christians,Muslims,Religiously_unaffiliated,Buddhists,Hindus,Jews,Other_religions,Level
Afghanistan,2020,39068979,7571,39015051,3304,7814,50,10,35179,1
Albania,2020,2871954,511657,2139813,219787,5,20,289,382,1
Algeria,2020,44042091,129920,43329641,557664,6607,0,57,18202,1
Angola,2020,33451133,31124508,85520,2045473,801,3102,400,191330,1
Argentina,2020,45191965,39974074,419922,4172533,14038,1163,173979,436255,1
Armenia,2020,2890893,2813205,7712,34051,309,216,103,35296,1
Aruba,2020,107401,87446,363,6309,584,302,380,12016,1
Australia,2020,25743791,12035331,901843,10900956,672312,762897,108230,362221,1
Austria,2020,8921405,6083568,740723,1998162,26496,10103,5384,56968,1
Azerbaijan,2020,10181730,42730,9644874,484645,208,693,8580,0,1
Bahamas,2020,395863,386320,340,7351,0,500,196,1156,1
Bahrain,2020,1483077,202789,1097795,4747,2367,166191,213,8975,1
Bangladesh,2020,166298024,499044,151443154,0,1014722,13141486,0,199618,1
Barbados,2020,281698,217891,1992,56731,301,1302,129,3352,1
Belarus,2020,9350944,7960518,24528,1287788,3537,521,6989,67062,1
Belgium,2020,11540107,5882166,786035,4498732,20589,26799,28946,296841,1
Belize,2020,390812,290631,704,61082,989,764,772,35869,1
Benin,2020,13070169,6957403,4104194,638597,1075,1084,8,1367808,1
Bhutan,2020,770006,4237,1711,336,575466,173297,0,14959,1
Bolivia,2020,11816300,10507715,1158,1128180,2227,436,495,176088,1
Bosnia-Herzegovina,2020,3299350,1474082,1770067,34503,89,0,497,20111,1
Botswana,2020,2365894,1946908,7817,348312,5399,3252,93,54113,1
Brazil,2020,208660843,168295544,36936,28113467,215207,1608,92141,11905941,1
Brunei,2020,447404,29947,367545,699,28172,5976,0,15065,1
Bulgaria,2020,6933652,5512051,711305,695595,1835,202,3189,9476,1
Burkina Faso,2020,21478690,6014971,14478720,123674,269,130,0,860926,1
Burundi,2020,12617036,11983696,377703,158086,21,942,21,96568,1
Cambodia,2020,16725474,52923,341685,13220,16238906,133,0,78608,1
Cameroon,2020,26210558,18303865,6593861,545144,477,1948,1672,763591,1
Canada,2020,38171902,20353687,1865790,13218712,663179,582029,352344,1136160,1
Cape Verde,2020,514680,402984,1609,106107,27,7,64,3882,1
Central African Republic,2020,5026629,4557904,313714,22743,94,122,160,131892,1
Chad,2020,17224679,6699376,9707447,539935,1873,1722,0,274327,1
Channel Islands,2020,166236,141638,132,23632,6,136,111,581,1
Chile,2020,19370624,13235177,12977,5862725,7423,1034,15801,235487,1
China,2020,1426106093,25452526,25980822,1278120922,53378804,29118,3038,43140859,1
Colombia,2020,50629998,43666834,1988,5034446,4669,519,2095,1919446,1
Comoros,2020,802164,4091,788527,1043,0,5,0,8498,1
Costa Rica,2020,5034320,4423112,1268,508396,2467,472,2555,96052,1
Croatia,2020,3953958,3592480,54272,263248,881,463,606,42007,1
Cuba,2020,11176354,6778898,8940,2414969,5588,23468,1118,1943374,1
Curacao,2020,185018,167662,919,10965,645,3676,359,792,1
Cyprus,2020,1302248,882257,317212,85559,7261,3473,570,5917,1
Czech Republic,2020,10550130,2786580,34513,7681911,7217,1778,2723,35407,1
Democratic Republic of the Congo,2020,95989998,92401422,1219602,1128415,147,1150,103,1239159,1
Denmark,2020,5831530,4484810,246038,969836,38283,25374,6189,60999,1
Djibouti,2020,1105189,12158,1079460,12172,0,442,0,956,1
Dominican Republic,2020,11008300,8546468,2732,2157747,4684,701,100,295869,1
Ecuador,2020,17546065,15532412,3182,1472360,3861,1397,599,532255,1
Egypt,2020,109315124,5270537,104038012,5086,59,187,234,1009,1
El Salvador,2020,6234674,5430923,218,740804,416,119,99,62094,1
Equatorial Guinea,2020,1716469,1522171,69484,85605,742,857,1075,36534,1
Eritrea,2020,3291271,1536075,1700586,34925,28,987,9,18660,1
Estonia,2020,1329670,699590,7953,579774,2608,835,1800,37108,1
Eswatini,2020,1192730,1111963,1619,73424,273,1517,202,3732,1
Ethiopia,2020,118917672,73227447,43095975,74119,1383,2881,5680,2510187,1
Federated States of Micronesia,2020,110917,109589,2,759,93,10,0,463,1
Fiji,2020,914963,636082,52888,2300,587,220533,189,2385,1
Finland,2020,5529612,3997079,89038,1385014,17393,8149,3433,29507,1
France,2020,65905278,30624609,5995942,28105801,469906,84205,455858,168956,1
French Guiana,2020,289056,243379,2652,9850,1738,4625,117,26695,1
French Polynesia,2020,279209,260910,906,14060,261,176,150,2746,1
Gabon,2020,2322539,1944962,200613,133826,0,0,0,43138,1
Gambia,2020,2515734,72789,2440330,451,0,1662,0,502,1
Georgia,2020,3795678,3346749,397058,37513,442,461,1689,11766,1
Germany,2020,83628709,47028504,5476628,30229853,287475,130895,118424,356928,1
Ghana,2020,31887809,22732151,6336301,340673,0,0,0,2478683,1
Greece,2020,10699369,9573407,547831,507404,2640,9160,4173,54754,1
Grenada,2020,116341,101769,459,6716,0,235,0,7162,1
Guadeloupe,2020,407394,390558,1507,10089,844,2037,1442,917,1
Guam,2020,162158,152455,49,2973,1703,0,0,4978,1
Guatemala,2020,17357326,15960106,470,1045075,950,230,900,349595,1
Guinea,2020,13371183,1565508,11607242,176449,11494,0,0,10490,1
Guinea-Bissau,2020,2013255,437234,1127001,233987,0,0,0,215033,1
Guyana,2020,807482,531933,52526,23484,253,188943,304,10039,1
Haiti,2020,11243848,9975391,209,1060822,358,0,239,206829,1
Honduras,2020,10119641,8953090,280,986048,550,130,600,178943,1
Hong Kong,2020,7490236,1404128,20076,5344641,630077,22725,2422,66165,1
Hungary,2020,9749457,7055569,13574,2630004,18741,5618,12963,12988,1
Iceland,2020,366614,274663,4446,72756,4912,588,570,8679,1
India,2020,1402617696,31062655,213057854,45725,9547094,1113204194,4227,35695954,1
Indonesia,2020,274814866,28202346,238990485,252844,1861947,4353883,2910,1150448,1
Iran,2020,87723443,125102,87524408,44,16,192,8108,65573,1
Iraq,2020,42116605,157929,41905332,336,0,208,0,52799,1
Ireland,2020,4982607,4046675,84266,777348,9656,34625,2720,27317,1
Israel,2020,8800376,165383,1296427,384987,3770,14620,6780636,154552,1
Italy,2020,59912769,48212882,2647802,7951880,367605,255140,42550,434909,1
Ivory Coast,2020,28915450,12987365,13393844,1608958,0,0,0,925283,1
Jamaica,2020,2830739,1942236,452,672120,35,1044,502,214350,1
Japan,2020,126304543,2841385,214685,72569749,46992375,40086,1738,3644524,1
Jordan,2020,10865228,305222,10548712,5150,2048,3032,0,1064,1
Kazakhstan,2020,19482117,3758462,15177451,493764,17746,0,8195,26499,1
Kenya,2020,52217334,44734739,5707957,837272,502,66790,301,869771,1
Kiribati,2020,126099,123035,108,127,0,0,0,2830,1
Kosovo,2020,1751417,98050,1650893,2435,0,0,39,0,1
Kuwait,2020,4400144,463351,3530671,10924,5344,374197,476,15180,1
Kyrgyzstan,2020,6664140,383412,6112180,77955,2178,622,311,87481,1
Laos,2020,7346533,113096,1627,3881,4713753,0,0,2514175,1
Latvia,2020,1901124,1468952,12745,322693,1313,822,4309,90289,1
Lebanon,2020,5702398,1591319,3865288,1072,379,988,322,243029,1
Lesotho,2020,2235727,2175887,4884,37223,1,992,99,16641,1
Liberia,2020,5149464,4385745,655193,54919,0,304,0,53303,1
Libya,2020,7045399,36961,6974559,3480,18177,6341,134,5746,1
Lithuania,2020,2795765,2576310,2494,197942,714,515,1036,16753,1
Luxembourg,2020,630597,415487,11533,159455,3024,2271,3066,35762,1
Macao,2020,683067,69111,3252,461848,133571,0,0,15284,1
Madagascar,2020,28953557,21485099,335713,6455437,7950,18434,103,650821,1
Malawi,2020,19533888,17065264,2256536,183881,302,13508,302,14094,1
Malaysia,2020,33889559,3101974,21729035,286258,6396860,2074780,0,300653,1
Maldives,2020,502119,8265,472355,342,6643,12759,0,1755,1
Mali,2020,21713836,558426,20440039,548341,0,0,0,167029,1
Malta,2020,518207,459129,18878,27180,3145,7334,1487,1053,1
Martinique,2020,356615,342494,774,9752,143,847,0,2606,1
Mauritania,2020,4600131,10754,4562658,4899,0,0,102,21717,1
Mauritius,2020,1283223,421625,224716,9667,5070,619660,43,2443,1
Mayotte,2020,284371,1483,281068,511,0,0,0,1308,1
Mexico,2020,126799055,113070626,7971,13484255,23158,4967,59338,148740,1
Moldova,2020,3069131,3054839,5562,7177,109,0,602,840,1
Mongolia,2020,3290786,44178,116036,1343558,1682746,100,0,104168,1
Montenegro,2020,607935,462311,129533,6951,0,0,0,9139,1
Morocco,2020,36584208,31271,36465499,47848,0,0,2261,37329,1
Mozambique,2020,30783688,18882699,5980424,4398231,494,9873,0,1511968,1
Myanmar,2020,53016522,3252951,1773591,31093,47211798,232962,99,514027,1
Namibia,2020,2728762,2470508,3247,153666,767,1425,110,99038,1
Nepal,2020,28966575,509335,1472644,375,2377791,23516227,0,1090203,1
Netherlands,2020,17636731,6191032,970139,9544336,52697,99261,30870,748396,1
New Caledonia,2020,284177,241842,7844,29907,1776,0,100,2708,1
New Zealand,2020,5069895,2044350,68921,2603635,60459,141383,5617,145530,1
Nicaragua,2020,6565267,5567748,301,873454,282,0,97,123385,1
Niger,2020,23717614,131926,23274875,290355,0,0,0,20457,1
Nigeria,2020,213996181,92770287,119980188,811712,1027,308,103,432557,1
North Korea,2020,26136312,100372,2614,19044889,396455,414,0,6591569,1
North Macedonia,2020,1872016,1210919,650100,9653,213,0,89,1042,1
Norway,2020,5379274,3842008,221290,1207730,36996,12399,5178,53674,1
Oman,2020,4522497,365012,3698828,6344,5069,431058,320,15867,1
Pakistan,2020,235001746,2988865,226880801,29925,24673,5028337,214,48931,1
Palestinian territories,2020,5069692,50926,5017262,0,0,0,0,1504,1
Panama,2020,4293261,3913647,2280,266631,7358,3999,9997,89349,1
Papua New Guinea,2020,9815746,9726407,7339,30479,272,221,101,50926,1
Paraguay,2020,6603740,6176329,748,280506,1497,0,1098,143562,1
Peru,2020,32838580,31029831,7089,1676968,10491,3116,1873,109211,1
Philippines,2020,112081264,102510876,7243082,46105,40753,1489,507,2238451,1
Poland,2020,38171012,34807541,2792,3300106,4089,1987,4470,50027,1
Portugal,2020,10370519,8822654,42398,1429155,20659,22715,3390,29549,1
Puerto Rico,2020,3275805,2910166,3550,340026,7209,3865,1502,9487,1
Qatar,2020,2803375,351778,2127531,7671,6124,297986,305,11982,1
Republic of the Congo,2020,5752791,5305600,84261,299098,227,202,111,63291,1
Reunion,2020,861446,754049,35895,17979,1599,38851,720,12354,1
Romania,2020,19392469,19109726,68998,182212,5765,3870,8778,13120,1
Russia,2020,146371299,102351281,11992213,29564433,515871,104273,123026,1720202,1
Rwanda,2020,13065837,12678252,236175,131695,0,497,0,19218,1
Samoa,2020,211944,206930,54,136,79,79,20,4647,1
Sao Tome and Principe,2020,217435,183593,199,21076,0,0,0,12566,1
Saudi Arabia,2020,30991207,1356705,28726928,34742,22774,812626,851,36581,1
Senegal,2020,16789220,403510,16378970,3476,51,0,51,3161,1
Serbia,2020,6907812,6323101,305329,276925,1005,244,661,548,1
Seychelles,2020,120291,113016,1074,2839,912,1743,0,707,1
Sierra Leone,2020,7912558,1569006,6341649,953,0,769,0,182,1
Singapore,2020,5620151,1054279,907016,1118190,1731090,297565,856,511155,1
Slovakia,2020,5455024,4022824,2989,1381739,6695,971,2067,37738,1
Slovenia,2020,2102420,1375307,33820,678396,807,223,487,13380,1
Solomon Islands,2020,744498,707440,2530,2438,2530,54,0,29505,1
Somalia,2020,16651191,4367,16623449,2684,0,6660,0,14030,1
South Africa,2020,60562381,51633743,971955,1890824,21518,644994,39473,5359874,1
South Korea,2020,51858482,16587217,160763,25028780,9853408,47613,100,180600,1
South Sudan,2020,10698467,6472748,665766,47105,243,214,0,3512391,1
Spain,2020,47679489,33116629,1704662,12568191,8455,59699,12986,208868,1
Sri Lanka,2020,22561807,1261286,2301846,15766,15703005,3279342,62,499,1
St. Lucia,2020,178251,163516,169,10519,0,555,0,3491,1
St. Vincent and the Grenadines,2020,103526,89358,111,8141,0,89,0,5828,1
Sudan,2020,46789231,228321,46253736,263523,0,579,0,43071,1
Suriname,2020,612317,323222,80153,49654,2350,137488,202,19247,1
Sweden,2020,10353687,6292071,838566,2992876,86937,46800,16396,80041,1
Switzerland,2020,8640582,5320913,525613,2658287,53493,46609,19529,16137,1
Syria,2020,21049429,808455,19821403,416788,0,2105,118,559,1
Taiwan,2020,23663459,1310788,117797,5464327,4540722,0,0,12229824,1
Tajikistan,2020,9749311,97515,9643445,7268,409,358,0,317,1
Tanzania,2020,60972798,39444311,18211243,2120731,109,3953,109,1192342,1
Thailand,2020,71641484,740494,3234319,9048,67624158,28923,200,4341,1
Timor-Leste,2020,1326054,1319892,3404,847,402,171,0,1338,1
Togo,2020,8669721,4931705,1399132,694686,133,103,26,1643936,1
Tonga,2020,105704,103340,64,614,62,83,0,1540,1
Trinidad and Tobago,2020,1481024,1036976,80927,36264,435,305346,293,20783,1
Tunisia,2020,11974057,29537,11890693,52843,0,0,985,0,1
Turkey,2020,86091692,117069,83600950,2177260,45547,37144,25210,88512,1
Turkmenistan,2020,6949912,390253,6552928,4996,467,111,222,934,1
U.S. Virgin Islands,2020,87707,82866,92,3536,0,369,292,551,1
Uganda,2020,44457153,39008617,5073864,42181,356,2372,463,329299,1
Ukraine,2020,44680015,37276433,253705,6766595,149418,5658,42764,185442,1
United Arab Emirates,2020,9448524,1352428,6891776,31731,15792,1110535,1418,44843,1
United Kingdom,2020,67351862,33251891,4289719,27087678,307872,1141913,296871,975918,1
United States,2020,339436159,217273083,4047372,100914371,4384653,3035529,5733777,4047372,1
Uruguay,2020,3398968,1512245,3035,1781393,0,0,16256,86039,1
Uzbekistan,2020,33586372,932125,32116038,185391,4959,9236,2805,335818,1
Vanuatu,2020,298859,249558,58,4084,48,58,38,45015,1
Venezuela,2020,28444078,25063617,13957,2766969,6070,0,4992,588472,1
Vietnam,2020,98079191,8170016,70694,66373765,22578634,40495,125,845463,1
Western Sahara,2020,549365,847,546903,1390,0,0,0,225,1
Yemen,2020,36134864,20138,36085366,22243,197,2798,73,4047,1
Zambia,2020,19059395,18731646,97449,11389,363,3061,191,215296,1
Zimbabwe,2020,15526889,13539476,82154,1636517,5777,5918,198,256850,1
