{
  "objects": {
    "background": {
      "name": "background",
      "type": "GUIElement",
      "position": [ 0, 0 ],
      "size": [ 600, 400 ]
    },
    "returnButton": {
      "name": "return",
      "type": "Button",
      "position": [ 20, 20 ],
      "size": [ 100, 50 ],
      "actionName": "ToggleSettings",
      "actionValue": ""
    },
    "toggleMusicButton": {
      "name": "toggle-music",
      "type": "Button",
      "position": [ 50, 100 ],
      "size": [ 200, 50 ],
      "actionName": "ToggleMusic",
      "actionValue": ""
    },
    "musicIcon": {
      "name": "music",
      "type": "GUIElement",
      "position": [ 250, 100 ],
      "size": [ 50, 50 ]
    },
    "noMusicIcon": {
      "name": "nomusic",
      "type": "GUIElement",
      "position": [ 250, 100 ],
      "size": [ 50, 50 ]
    },
    "QuitLevelButton": {
      "name": "quit-level",
      "type": "Button",
      "position": [ 50, 175 ],
      "size": [ 200, 50 ],
      "actionName": "QuitLevel",
      "actionValue": ""
    }
  }
}